Feature of the Report,Details
Market Size in 2024,USD 7.9 Billion
Projected Market Size in 2033,USD 68.2 Billion
Market Size in 2023,USD 6.5 Billion
CAGR Growth Rate,26.5% CAGR
Base Year,2023
Forecast Period,2025-2034
Key Segment,"By Machine Type, Battery Type, Application and Region"
Report Coverage,"Revenue Estimation and Forecast, Company Profile, Competitive Landscape, Growth Factors and Recent Trends"
Regional Scope,"North America, Europe, Asia Pacific, Middle East & Africa, and South & Central America"
Buying Options,Request tailored purchasing options to fulfil your research requirements.
